Code,Chinese Name,English Name
010101,哲学,Philosophy
010102,逻辑学,Logic
010103K,宗教学,Religious Studies
010104T,伦理学,Ethics
020101,经济学,Economics
020102,经济统计学,Economic Statistics
020103T,国民经济管理,National Economic Management
020104T,资源与环境经济学,Resource and Environmental Economics
020105T,商务经济学,Business Economics
020106T,能源经济,Energy Economics
020107T,劳动经济学,Labor Economics
020108T,经济工程,Economic Engineering
020109T,数字经济,Digital Economy
020201K,财政学,Fiscal Studies
020202,税收学,Taxation
020203TK,国际税收,International Taxation
020301K,金融学,Finance
020302,金融工程,Financial Engineering
020303,保险学,Insurance
020304,投资学,Investment
020305T,金融数学,Financial Mathematics
020306T,信用管理,Credit Management
020307T,经济与金融,Economics and Finance
020308T,精算学,Actuarial Science
020309T,互联网金融,Internet Finance
020310T,金融科技,FinTech
020311TK,金融审计,Financial Audit
020401,国际经济与贸易,International Economics and Trade
020402,贸易经济,Trade Economics
020403T,国际经济发展合作,International Economic Development Cooperation
030101K,法学,Law
030102T,知识产权,Intellectual Property
030103T,监狱学,Prison Studies
030104T,信用风险管理与法律防控,Credit Risk Management and Legal Prevention
030105T,国际经贸规则,International Trade Rules
030106TK,司法警察学,Judicial Police Studies
030107TK,社区矫正,Community Correction
030108TK,纪检监察,Disciplinary Inspection and Supervision
030109TK,国际法,International Law
030110TK,司法鉴定学,Forensic Science
030111TK,国家安全学,National Security Studies
030112TK,海外利益安全,Overseas Interests Security
030201,政治学与行政学,Political Science and Administration
030202,国际政治,International Politics
030203,外交学,Diplomacy
030204T,国际事务与国际关系,International Affairs and International Relations
030205T,政治学、经济学与哲学,Politics, Economics and Philosophy
030206TK,国际组织与全球治理,International Organizations and Global Governance
030301,社会学,Sociology
030302,社会工作,Social Work
030303T,人类学,Anthropology
030304T,女性学,Women's Studies
030305T,家政学,Home Economics
030306T,老年学,Gerontology
030307T,社会政策,Social Policy
030401,民族学,Ethnology
030501,科学社会主义,Scientific Socialism
030502,中国共产党历史,History of the Communist Party of China
030503,思想政治教育,Ideological and Political Education
030504T,马克思主义理论,Marxist Theory
030505TK,工会学,Union Studies
030601K,治安学,Public Security Studies
030602K,侦查学,Investigation
030603K,边防管理,Border Management
030604TK,禁毒学,Narcotics Control
030605TK,警犬技术,Police Dog Technology
030606TK,经济犯罪侦查,Economic Crime Investigation
030607TK,边防指挥,Border Command
030608TK,消防指挥,Fire Command
030609TK,警卫学,Security Guard Studies
030610TK,公安情报学,Public Security Intelligence
030611TK,犯罪学,Criminology
030612TK,公安管理学,Public Security Management
030613TK,涉外警务,Foreign-related Police Affairs
030614TK,国内安全保卫,Domestic Security Protection
030615TK,警务指挥与战术,Police Command and Tactics
030616TK,技术侦查学,Technical Investigation
030617TK,海警执法,Coast Guard Law Enforcement
030618TK,公安政治工作,Public Security Political Work
030619TK,移民管理,Immigration Management
030620TK,出入境管理,Entry and Exit Management
030621TK,反恐警务,Counter-terrorism Police
030622TK,消防政治工作,Fire Political Work
030623TK,铁路警务,Railway Police
040101,教育学,Education
040102,科学教育,Science Education
040103,人文教育,Humanities Education
040104,教育技术学,Educational Technology
040105,艺术教育,Art Education
040106,学前教育,Preschool Education
040107,小学教育,Primary Education
040108,特殊教育,Special Education
040109T,华文教育,Chinese Language Education
040110TK,教育康复学,Educational Rehabilitation
040111T,卫生教育,Health Education
040112T,认知科学与技术,Cognitive Science and Technology
040113T,融合教育,Inclusive Education
040114TK,劳动教育,Labor Education
040115T,家庭教育,Family Education
040116TK,孤独症儿童教育,Autism Children's Education
040117TK,人工智能教育,Artificial Intelligence Education
040118T,婴幼儿发展与健康管理,Infant and Toddler Development and Health Management
040201,体育教育,Physical Education
040202K,运动训练,Sports Training
040203,社会体育指导与管理,Social Sports Guidance and Management
040204K,武术与民族传统体育,Martial Arts and Traditional National Sports
040205,运动人体科学,Sports Human Science
040206T,运动康复,Sports Rehabilitation
040207T,休闲体育,Leisure Sports
040208T,体能训练,Physical Fitness Training
040209T,冰雪运动,Ice and Snow Sports
040210TK,电子竞技运动与管理,E-sports Sports and Management
040211TK,智能体育工程,Intelligent Sports Engineering
040212TK,体育旅游,Sports Tourism
040213T,运动能力开发,Sports Ability Development
040214TK,足球运动,Football Sports
040215TK,马术运动与管理,Equestrian Sports and Management
040216T,体育康养,Sports Health Care
040217TK,航空运动,Aviation Sports
050101,汉语言文学,Chinese Language and Literature
050102,汉语言,Chinese Language
050103,汉语国际教育,Chinese International Education
050104,中国少数民族语言文学,Chinese Minority Language and Literature
050105,古典文献学,Classical Philology
050106T,应用语言学,Applied Linguistics
050107T,秘书学,Secretarial Studies
050108T,中国语言与文化,Chinese Language and Culture
050109T,手语翻译,Sign Language Translation
050110T,数字人文,Digital Humanities
050111T,中国古典学,Chinese Classics
050112T,汉学与中国学,Sinology and Chinese Studies
050113T,应用中文,Applied Chinese
050201,英语,English
050202,俄语,Russian
050203,德语,German
050204,法语,French
050205,西班牙语,Spanish
050206,阿拉伯语,Arabic
050207,日语,Japanese
050208,波斯语,Persian
050209,朝鲜语,Korean
050210,菲律宾语,Filipino
050211,梵语巴利语,Sanskrit Pali
050212,印度尼西亚语,Indonesian
050213,印地语,Hindi
050214,柬埔寨语,Cambodian
050215,老挝语,Lao
050216,缅甸语,Burmese
050217,马来语,Malay
050218,蒙古语,Mongolian
050219,僧伽罗语,Sinhala
050220,泰语,Thai
050221,乌尔都语,Urdu
050222,希伯来语,Hebrew
050223,越南语,Vietnamese
050224,豪萨语,Hausa
050225,斯瓦希里语,Swahili
050226,阿尔巴尼亚语,Albanian
050227,保加利亚语,Bulgarian
050228,波兰语,Polish
050229,捷克语,Czech
050230,斯洛伐克语,Slovak
050231,罗马尼亚语,Romanian
050232,葡萄牙语,Portuguese
050233,瑞典语,Swedish
050234,塞尔维亚语,Serbian
050235,土耳其语,Turkish
050236,希腊语,Greek
050237,匈牙利语,Hungarian
050238,意大利语,Italian
050239,泰米尔语,Tamil
050240,普什图语,Pashto
050241,世界语,Esperanto
050242,孟加拉语,Bengali
050243,尼泊尔语,Nepali
050244,克罗地亚语,Croatian
050245,荷兰语,Dutch
050246,芬兰语,Finnish
050247,乌克兰语,Ukrainian
050248,挪威语,Norwegian
050249,丹麦语,Danish
050250,冰岛语,Icelandic
050251,爱尔兰语,Irish
050252,拉脱维亚语,Latvian
050253,立陶宛语,Lithuanian
050254,斯洛文尼亚语,Slovenian
050255,爱沙尼亚语,Estonian
050256,马耳他语,Maltese
050257,哈萨克语,Kazakh
050258,乌兹别克语,Uzbek
050259,祖鲁语,Zulu
050260,拉丁语,Latin
050261,翻译,Translation
050262,商务英语,Business English
050263T,阿姆哈拉语,Amharic
050264T,吉尔吉斯语,Kyrgyz
050265T,索马里语,Somali
050266T,土库曼语,Turkmen
050267T,加泰罗尼亚语,Catalan
050268T,约鲁巴语,Yoruba
050269T,亚美尼亚语,Armenian
050270T,马达加斯加语,Malagasy
050271T,格鲁吉亚语,Georgian
050272T,阿塞拜疆语,Azerbaijani
050273T,阿非利卡语,Afrikaans
050274T,马其顿语,Macedonian
050275T,塔吉克语,Tajik
050276T,茨瓦纳语,Tswana
050277T,恩德贝莱语,Ndebele
050278T,科摩罗语,Comorian
050279T,克里奥尔语,Creole
050280T,绍纳语,Shona
050281T,提格雷尼亚语,Tigrinya
050282T,白俄罗斯语,Belarusian
050283T,毛利语,Maori
050284T,汤加语,Tonga
050285T,萨摩亚语,Samoan
050286T,库尔德语,Kurdish
050287T,比斯拉马语,Bislama
050288T,达里语,Dari
050289T,德顿语,Dinka
050290T,迪维希语,Dhivehi
050291T,斐济语,Fijian
050292T,库克群岛毛利语,Cook Islands Maori
050293T,隆迪语,Rundi
050294T,卢森堡语,Luxembourgish
050295T,卢旺达语,Kinyarwanda
050296T,纽埃语,Niuean
050297T,皮金语,Pidgin
050298T,切瓦语,Chewa
050299T,塞苏陀语,Sesotho
050200T,桑戈语,Sango
0502100T,语言学,Linguistics
0502101T,塔玛齐格特语,Tamaziɣt
0502102T,爪哇语,Javanese
0502103T,旁遮普语,Punjabi
0502104TK,区域国别学,Regional and Country Studies
050301,新闻学,Journalism
050302,广播电视学,Radio and Television
050303,广告学,Advertising
050304,传播学,Communication Studies
050305,编辑出版学,Editing and Publishing
050306T,网络与新媒体,Network and New Media
050307T,数字出版,Digital Publishing
050308T,时尚传播,Fashion Communication
050309T,国际新闻与传播,International News and Communication
050310T,会展,Exhibition
060101,历史学,History
060102,世界史,World History
060103,考古学,Archaeology
060104,文物与博物馆学,Cultural Relics and Museology
060105T,文物保护技术,Cultural Relics Protection Technology
060106T,外国语言与外国历史,Foreign Language and Foreign History
060107T,文化遗产,Cultural Heritage
060108T,古文字学,Paleography
060109T,科学史,History of Science
070101,数学与应用数学,Mathematics and Applied Mathematics
070102,信息与计算科学,Information and Computing Science
070103T,数理基础科学,Mathematical and Physical Fundamentals
070104T,数据计算及应用,Data Computation and Applications
070201,物理学,Physics
070202,应用物理学,Applied Physics
070203,核物理,Nuclear Physics
070204T,声学,Acoustics
070205T,系统科学与工程,Systems Science and Engineering
070206T,量子信息科学,Quantum Information Science
070301,化学,Chemistry
070302,应用化学,Applied Chemistry
070303T,化学生物学,Chemical Biology
070304T,分子科学与工程,Molecular Science and Engineering
070305T,能源化学,Energy Chemistry
070306T,化学测量学与技术,Chemical Metrology and Technology
070307T,资源化学,Resource Chemistry
070401,天文学,Astronomy
070501,地理科学,Geographical Science
070502,自然地理与资源环境,Physical Geography and Resources Environment
070503,人文地理与城乡规划,Human Geography and Urban-Rural Planning
070504,地理信息科学,Geographic Information Science
070601,大气科学,Atmospheric Science
070602,应用气象学,Applied Meteorology
070603T,气象技术与工程,Meteorological Technology and Engineering
070604T,地球系统科学,Earth System Science
070701,海洋科学,Marine Science
070702,海洋技术,Marine Technology
070703T,海洋资源与环境,Marine Resources and Environment
070704T,军事海洋学,Military Oceanography
070705T,海洋科学与技术,Marine Science and Technology
070801,地球物理学,Geophysics
070802,空间科学与技术,Space Science and Technology
070803T,防灾减灾科学与工程,Disaster Prevention and Reduction Science and Engineering
070804TK,行星科学,Planetary Science
070901,地质学,Geology
070902,地球化学,Geochemistry
070903T,地球信息科学与技术,Earth Information Science and Technology
070904T,古生物学,Paleontology
071001,生物科学,Biological Science
071002,生物技术,Biotechnology
071003,生物信息学,Bioinformatics
071004,生态学,Ecology
071005T,整合科学,Integrated Science
071006T,神经科学,Neuroscience
071101,心理学,Psychology
071102,应用心理学,Applied Psychology
071201,统计学,Statistics
071202,应用统计学,Applied Statistics
071203T,数据科学,Data Science
071204T,生物统计学,Biostatistics
080101,理论与应用力学,Theoretical and Applied Mechanics
080102,工程力学,Engineering Mechanics
080201,机械工程,Mechanical Engineering
080202,机械设计制造及其自动化,Mechanical Design, Manufacturing and Automation
080203,材料成型及控制工程,Material Forming and Control Engineering
080204,机械电子工程,Mechatronic Engineering
080205,工业设计,Industrial Design
080206,过程装备与控制工程,Process Equipment and Control Engineering
080207,车辆工程,Vehicle Engineering
080208,汽车服务工程,Automotive Service Engineering
080209T,机械工艺技术,Mechanical Process Technology
080210T,微机电系统工程,Microelectromechanical Systems Engineering
080211T,机电技术教育,Mechatronics Technology Education
080212T,汽车维修工程教育,Automotive Maintenance Engineering Education
080213T,智能制造工程,Intelligent Manufacturing Engineering
080214T,智能车辆工程,Intelligent Vehicle Engineering
080215T,仿生科学与工程,Bionic Science and Engineering
080216T,新能源汽车工程,New Energy Vehicle Engineering
080217T,增材制造工程,Additive Manufacturing Engineering
080218T,智能交互设计,Intelligent Interaction Design
080219T,应急装备技术与工程,Emergency Equipment Technology and Engineering
080220T,农林智能装备工程,Agricultural and Forestry Intelligent Equipment Engineering
080301,测控技术与仪器,Measurement and Control Technology and Instrumentation
080302T,精密仪器,Precision Instruments
080303T,智能感知工程,Intelligent Perception Engineering
080401,材料科学与工程,Materials Science and Engineering
080402,材料物理,Materials Physics
080403,材料化学,Materials Chemistry
080404,冶金工程,Metallurgical Engineering
080405,金属材料工程,Metallic Materials Engineering
080406,无机非金属材料工程,Inorganic Non-metallic Materials Engineering
080407,高分子材料与工程,Polymer Materials and Engineering
080408,复合材料与工程,Composite Materials and Engineering
080409T,粉体材料科学与工程,Powder Materials Science and Engineering
080410T,宝石及材料工艺学,Gems and Materials Technology
080411T,焊接技术与工程,Welding Technology and Engineering
080412T,功能材料,Functional Materials
080413T,纳米材料与技术,Nanomaterials and Technology
080414T,新能源材料与器件,New Energy Materials and Devices
080415T,材料设计科学与工程,Materials Design Science and Engineering
080416T,复合材料成型工程,Composite Materials Forming Engineering
080417T,智能材料与结构,Intelligent Materials and Structures
080418T,光电信息材料与器件,Optoelectronic Information Materials and Devices
080419T,生物材料,Biomaterials
080420T,材料智能技术,Materials Intelligent Technology
080421T,电子信息材料,Electronic Information Materials
080422T,软物质科学与工程,Soft Matter Science and Engineering
080423T,稀土材料科学与工程,Rare Earth Materials Science and Engineering
080501,能源与动力工程,Energy and Power Engineering
080502T,能源与环境系统工程,Energy and Environmental Systems Engineering
080503T,新能源科学与工程,New Energy Science and Engineering
080504T,储能科学与工程,Energy Storage Science and Engineering
080505T,能源服务工程,Energy Service Engineering
080506TK,氢能科学与工程,Hydrogen Energy Science and Engineering
080507TK,可持续能源,Sustainable Energy
080601,电气工程及其自动化,Electrical Engineering and Automation
080602T,智能电网信息工程,Smart Grid Information Engineering
080603T,光源与照明,Light Sources and Lighting
080604T,电气工程与智能控制,Electrical Engineering and Intelligent Control
080605T,电机电器智能化,Motor Appliance Intelligence
080606T,电缆工程,Cable Engineering
080607T,能源互联网工程,Energy Internet Engineering
080608TK,智慧能源工程,Smart Energy Engineering
080609T,电动载运工程,Electric Transportation Engineering
080610TK,大功率半导体科学与工程,High Power Semiconductor Science and Engineering
080701,电子信息工程,Electronic Information Engineering
080702,电子科学与技术,Electronic Science and Technology
080703,通信工程,Communication Engineering
080704,微电子科学与工程,Microelectronics Science and Engineering
080705,光电信息科学与工程,Optoelectronic Information Science and Engineering
080706,信息工程,Information Engineering
080707T,广播电视工程,Radio and Television Engineering
080708T,水声工程,Underwater Acoustic Engineering
080709T,电子封装技术,Electronic Packaging Technology
080710T,集成电路设计与集成系统,Integrated Circuit Design and Integrated Systems
080711T,医学信息工程,Medical Information Engineering
080712T,电磁场与无线技术,Electromagnetic Field and Wireless Technology
080713T,电波传播与天线,Radio Wave Propagation and Antenna
080714T,电子信息科学与技术,Electronic Information Science and Technology
080715T,电信工程及管理,Telecommunication Engineering and Management
080716T,应用电子技术教育,Applied Electronic Technology Education
080717T,人工智能,Artificial Intelligence
080718T,海洋信息工程,Marine Information Engineering
080719T,柔性电子学,Flexible Electronics
080720T,智能测控工程,Intelligent Measurement and Control Engineering
080721T,智能视觉工程,Intelligent Vision Engineering
080722T,智能视听工程,Intelligent Audiovisual Engineering
080801,自动化,Automation
080802T,轨道交通信号与控制,Rail Transit Signal and Control
080803T,机器人工程,Robotics Engineering
080804T,邮政工程,Postal Engineering
080805T,核电技术与控制工程,Nuclear Power Technology and Control Engineering
080806T,智能装备与系统,Intelligent Equipment and Systems
080807T,工业智能,Industrial Intelligence
080808T,智能工程与创意设计,Intelligent Engineering and Creative Design
080901,计算机科学与技术,Computer Science and Technology
080902,软件工程,Software Engineering
080903,网络工程,Network Engineering
080904K,信息安全,Information Security
080905,物联网工程,Internet of Things Engineering
080906,数字媒体技术,Digital Media Technology
080907T,智能科学与技术,Intelligent Science and Technology
080908T,空间信息与数字技术,Spatial Information and Digital Technology
080909T,电子与计算机工程,Electronics and Computer Engineering
080910T,数据科学与大数据技术,Data Science and Big Data Technology
080911TK,网络空间安全,Cyberspace Security
080912T,新媒体技术,New Media Technology
080913T,电影制作,Film Production
080914TK,保密技术,Confidentiality Technology
080915T,服务科学与工程,Service Science and Engineering
080916T,虚拟现实技术,Virtual Reality Technology
080917T,区块链工程,Blockchain Engineering
080918TK,密码科学与技术,Cryptography Science and Technology
080919T,工业软件,Industrial Software
081001,土木工程,Civil Engineering
081002,建筑环境与能源应用工程,Building Environment and Energy Application Engineering
081003,给排水科学与工程,Water Supply and Drainage Science and Engineering
081004,建筑电气与智能化,Building Electrical and Intelligence
081005T,城市地下空间工程,Urban Underground Space Engineering
081006T,道路桥梁与渡河工程,Road Bridge and River Crossing Engineering
081007T,铁道工程,Railway Engineering
081008T,智能建造,Intelligent Construction
081009T,土木、水利与海洋工程,Civil, Water Conservancy and Marine Engineering
081010T,土木、水利与交通工程,Civil, Water Conservancy and Transportation Engineering
081011T,城市水系统工程,Urban Water System Engineering
081012T,智能建造与智慧交通,Intelligent Construction and Smart Transportation
081013T,工程软件,Engineering Software
081101,水利水电工程,Water Conservancy and Hydropower Engineering
081102,水文与水资源工程,Hydrology and Water Resources Engineering
081103,港口航道与海岸工程,Harbor Waterway and Coastal Engineering
081104T,水务工程,Water Affairs Engineering
081105T,水利科学与工程,Water Conservancy Science and Engineering
081106T,智慧水利,Smart Water Conservancy
081201,测绘工程,Surveying and Mapping Engineering
081202,遥感科学与技术,Remote Sensing Science and Technology
081203T,导航工程,Navigation Engineering
081204T,地理国情监测,Geographic National Condition Monitoring
081205T,地理空间信息工程,Geospatial Information Engineering
081206TK,时空信息工程,Spatiotemporal Information Engineering
081301,化学工程与工艺,Chemical Engineering and Technology
081302,制药工程,Pharmaceutical Engineering
081303T,资源循环科学与工程,Resource Recycling Science and Engineering
081304T,能源化学工程,Energy Chemical Engineering
081305T,化学工程与工业生物工程,Chemical Engineering and Industrial Bioengineering
081306T,化工安全工程,Chemical Safety Engineering
081307T,涂料工程,Coating Engineering
081308T,精细化工,Fine Chemical Engineering
081309T,智能分子工程,Intelligent Molecular Engineering
081401,地质工程,Geological Engineering
081402,勘查技术与工程,Exploration Technology and Engineering
081403K,资源勘查工程,Resource Exploration Engineering
081404T,地下水科学与工程,Groundwater Science and Engineering
081405T,旅游地学与规划工程,Tourism Geoscience and Planning Engineering
081406T,智能地球探测,Intelligent Earth Detection
081407T,资源环境大数据工程,Resource Environment Big Data Engineering
081501,采矿工程,Mining Engineering
081502,石油工程,Petroleum Engineering
081503,矿物加工工程,Mineral Processing Engineering
081504,油气储运工程,Oil and Gas Storage and Transportation Engineering
081505T,矿物资源工程,Mineral Resources Engineering
081506T,海洋油气工程,Offshore Oil and Gas Engineering
081507T,智能采矿工程,Intelligent Mining Engineering
081508TK,碳储科学与工程,Carbon Storage Science and Engineering
081601,纺织工程,Textile Engineering
081602,服装设计与工程,Clothing Design and Engineering
081603T,非织造材料与工程,Nonwoven Materials and Engineering
081604T,服装设计与工艺教育,Clothing Design and Technology Education
081605T,丝绸设计与工程,Silk Design and Engineering
081701,轻化工程,Light Chemical Engineering
081702,包装工程,Packaging Engineering
081703,印刷工程,Printing Engineering
081704T,香料香精技术与工程,Fragrance and Flavor Technology and Engineering
081705T,化妆品技术与工程,Cosmetics Technology and Engineering
081706TK,生物质能源与材料,Biomass Energy and Materials
081707T,生物质技术与工程,Biomass Technology and Engineering
081801,交通运输,Transportation
081802,交通工程,Traffic Engineering
081803K,航海技术,Navigation Technology
081804K,轮机工程,Marine Engineering
081805K,飞行技术,Flight Technology
081806T,交通设备与控制工程,Transportation Equipment and Control Engineering
081807T,救助与打捞工程,Rescue and Salvage Engineering
081808TK,船舶电子电气工程,Ship Electronic Electrical Engineering
081809T,轨道交通电气与控制,Rail Transit Electrical and Control
081810T,邮轮工程与管理,Cruise Engineering and Management
081811T,智慧交通,Smart Transportation
081812T,智能运输工程,Intelligent Transportation Engineering
081901,船舶与海洋工程,Naval Architecture and Ocean Engineering
081902T,海洋工程与技术,Ocean Engineering and Technology
081903T,海洋资源开发技术,Ocean Resource Development Technology
081904T,海洋机器人,Marine Robotics
081905T,智慧海洋技术,Smart Ocean Technology
081906T,智能海洋装备,Intelligent Ocean Equipment
082001,航空航天工程,Aerospace Engineering
082002,飞行器设计与工程,Aircraft Design and Engineering
082003,飞行器制造工程,Aircraft Manufacturing Engineering
082004,飞行器动力工程,Aircraft Power Engineering
082005,飞行器环境与生命保障工程,Aircraft Environment and Life Support Engineering
082006T,飞行器质量与可靠性,Aircraft Quality and Reliability
082007T,飞行器适航技术,Aircraft Airworthiness Technology
082008T,飞行器控制与信息工程,Aircraft Control and Information Engineering
082009T,无人驾驶航空器系统工程,Unmanned Aerial Vehicle System Engineering
082010T,智能飞行器技术,Intelligent Aircraft Technology
082011T,空天智能电推进技术,Aerospace Intelligent Electric Propulsion Technology
082012T,飞行器运维工程,Aircraft Operation and Maintenance Engineering
082101,武器系统与工程,Weapon Systems and Engineering
082102,武器发射工程,Weapon Launch Engineering
082103,探测制导与控制技术,Detection Guidance and Control Technology
082104,弹药工程与爆炸技术,Ammunition Engineering and Explosive Technology
082105,特种能源技术与工程,Special Energy Technology and Engineering
082106,装甲车辆工程,Armored Vehicle Engineering
082107,信息对抗技术,Information Confrontation Technology
082108T,智能无人系统技术,Intelligent Unmanned System Technology
082201,核工程与核技术,Nuclear Engineering and Nuclear Technology
082202,辐射防护与核安全,Radiation Protection and Nuclear Safety
082203,工程物理,Engineering Physics
082204,核化工与核燃料工程,Nuclear Chemical and Nuclear Fuel Engineering
082301,农业工程,Agricultural Engineering
082302,农业机械化及其自动化,Agricultural Mechanization and Automation
082303,农业电气化,Agricultural Electrification
082304,农业建筑环境与能源工程,Agricultural Building Environment and Energy Engineering
082305,农业水利工程,Agricultural Water Conservancy Engineering
082306T,土地整治工程,Land Consolidation Engineering
082307T,农业智能装备工程,Agricultural Intelligent Equipment Engineering
082401,森林工程,Forest Engineering
082402,木材科学与工程,Wood Science and Engineering
082403,林产化工,Forest Products Chemical Processing
082404T,家具设计与工程,Furniture Design and Engineering
082405T,木结构建筑与材料,Wood Structure Architecture and Materials
082501,环境科学与工程,Environmental Science and Engineering
082502,环境工程,Environmental Engineering
082503,环境科学,Environmental Science
082504,环境生态工程,Environmental Ecological Engineering
082505T,环保设备工程,Environmental Protection Equipment Engineering
082506T,资源环境科学,Resource and Environmental Science
082507T,水质科学与技术,Water Quality Science and Technology
082601,生物医学工程,Biomedical Engineering
082602T,假肢矫形工程,Prosthetics and Orthotics Engineering
082603T,临床工程技术,Clinical Engineering Technology
082604T,康复工程,Rehabilitation Engineering
082605T,健康科学与技术,Health Science and Technology
082701,食品科学与工程,Food Science and Engineering
082702,食品质量与安全,Food Quality and Safety
082703,粮食工程,Grain Engineering
082704,乳品工程,Dairy Engineering
082705,酿酒工程,Brewing Engineering
082706T,葡萄与葡萄酒工程,Grape and Wine Engineering
082707T,食品营养与检验教育,Food Nutrition and Inspection Education
082708T,烹饪与营养教育,Cooking and Nutrition Education
082709T,食品安全与检测,Food Safety and Testing
082710T,食品营养与健康,Food Nutrition and Health
082711T,食用菌科学与工程,Edible Fungi Science and Engineering
082712T,白酒酿造工程,Baijiu Brewing Engineering
082713T,咖啡科学与工程,Coffee Science and Engineering
082801,建筑学,Architecture
082802,城乡规划,Urban and Rural Planning
082803,风景园林,Landscape Architecture
082804T,历史建筑保护工程,Historical Building Protection Engineering
082805T,人居环境科学与技术,Human Settlement Environment Science and Technology
082806T,城市设计,Urban Design
082807T,智慧建筑与建造,Smart Architecture and Construction
082901,安全工程,Safety Engineering
082902T,应急技术与管理,Emergency Technology and Management
082903T,职业卫生工程,Occupational Health Engineering
082904T,安全生产监管,Safety Production Supervision
082905TK,智慧应急,Smart Emergency
083001,生物工程,Bioengineering
083002T,生物制药,Biopharmaceuticals
083003T,合成生物学,Synthetic Biology
083101K,刑事科学技术,Criminal Science and Technology
083102K,消防工程,Fire Engineering
083103TK,交通管理工程,Traffic Management Engineering
083104TK,安全防范工程,Security Prevention Engineering
083105TK,公安视听技术,Public Security Audiovisual Technology
083106TK,抢险救援指挥与技术,Emergency Rescue Command and Technology
083107TK,火灾勘查,Fire Investigation
083108TK,网络安全与执法,Network Security and Law Enforcement
083109TK,核生化消防,Nuclear Biochemical Fire Protection
083110TK,海警舰艇指挥与技术,Coast Guard Vessel Command and Technology
083111TK,数据警务技术,Data Police Technology
083112TK,食品药品环境犯罪侦查技术,Food, Drug and Environmental Crime Investigation Technology
083201TK,未来机器人,Future Robotics
083202TK,交叉工程,Interdisciplinary Engineering
083203TK,低空技术与工程,Low Altitude Technology and Engineering
083204TK,集成电路科学与工程,Integrated Circuit Science and Engineering
083205T,碳中和科学与工程,Carbon Neutrality Science and Engineering
083206T,智慧城市与空间规划,Smart City and Spatial Planning
090101,农学,Agronomy
090102,园艺,Horticulture
090103,植物保护,Plant Protection
090104,植物科学与技术,Plant Science and Technology
090105,种子科学与工程,Seed Science and Engineering
090106,设施农业科学与工程,Facility Agricultural Science and Engineering
090107T,茶学,Tea Science
090108T,烟草,Tobacco
090109T,应用生物科学,Applied Biological Science
090110T,农艺教育,Agronomy Education
090111T,园艺教育,Horticulture Education
090112T,智慧农业,Smart Agriculture
090113T,菌物科学与工程,Fungal Science and Engineering
090114T,农药化肥,Pesticides and Fertilizers
090115T,生物农药科学与工程,Biological Pesticide Science and Engineering
090116TK,生物育种科学,Biological Breeding Science
090117TK,生物育种技术,Biological Breeding Technology
090201,农业资源与环境,Agricultural Resources and Environment
090202,野生动物与自然保护区管理,Wildlife and Nature Reserve Management
090203,水土保持与荒漠化防治,Soil and Water Conservation and Desertification Control
090204T,生物质科学与工程,Biomass Science and Engineering
090205T,土地科学与技术,Land Science and Technology
090206T,湿地保护与恢复,Wetland Protection and Restoration
090207TK,国家公园建设与管理,National Park Construction and Management
090208TK,生态修复学,Ecological Restoration
090301,动物科学,Animal Science
090302T,蚕学,Sericulture
090303T,蜂学,Apiculture
090304T,经济动物学,Economic Zoology
090305T,马业科学,Equine Science
090306T,饲料工程,Feed Engineering
090307T,智慧牧业科学与工程,Smart Animal Husbandry Science and Engineering
090401,动物医学,Animal Medicine
090402,动物药学,Animal Pharmacy
090403T,动植物检疫,Animal and Plant Quarantine
090404T,实验动物学,Laboratory Animal Science
090405T,中兽医学,Traditional Chinese Veterinary Medicine
090406TK,兽医公共卫生,Veterinary Public Health
090501,林学,Forestry
090502,园林,Landscape Gardening
090503,森林保护,Forest Protection
090504T,经济林,Economic Forestry
090505T,智慧林业,Smart Forestry
090601,水产养殖学,Aquaculture
090602,海洋渔业科学与技术,Marine Fishery Science and Technology
090603T,水族科学与技术,Aquarium Science and Technology
090604TK,水生动物医学,Aquatic Animal Medicine
090701,草业科学,Grass Science
090702T,草坪科学与工程,Turf Science and Engineering
100101K,基础医学,Basic Medicine
100102TK,生物医学,Biomedicine
100103T,生物医学科学,Biomedical Science
100201K,临床医学,Clinical Medicine
100202TK,麻醉学,Anesthesiology
100203TK,医学影像学,Medical Imaging
100204TK,眼视光医学,Optometry
100205TK,精神医学,Psychiatry
100206TK,放射医学,Radiology
100207TK,儿科学,Pediatrics
100301K,口腔医学,Stomatology
100401K,预防医学,Preventive Medicine
100402,食品卫生与营养学,Food Hygiene and Nutrition
100403TK,妇幼保健医学,Maternal and Child Health Care
100404TK,卫生监督,Health Supervision
100405TK,全球健康学,Global Health
100406T,运动与公共健康,Sports and Public Health
100501K,中医学,Traditional Chinese Medicine
100502K,针灸推拿学,Acupuncture and Tuina
100503K,藏医学,Tibetan Medicine
100504K,蒙医学,Mongolian Medicine
100505K,维医学,Uyghur Medicine
100506K,壮医学,Zhuang Medicine
100507K,哈医学,Kazakh Medicine
100508TK,傣医学,Dai Medicine
100509TK,回医学,Hui Medicine
100510TK,中医康复学,Traditional Chinese Medicine Rehabilitation
100511TK,中医养生学,Traditional Chinese Medicine Health Preservation
100512TK,中医儿科学,Traditional Chinese Medicine Pediatrics
100513TK,中医骨伤科学,Traditional Chinese Medicine Orthopedics
100601K,中西医临床医学,Integrated Traditional Chinese and Western Medicine Clinical Medicine
100701,药学,Pharmacy
100702,药物制剂,Pharmaceutical Preparation
100703TK,临床药学,Clinical Pharmacy
100704T,药事管理,Pharmaceutical Affairs Management
100705T,药物分析,Pharmaceutical Analysis
100706T,药物化学,Pharmaceutical Chemistry
100707T,海洋药学,Marine Pharmacy
100708T,化妆品科学与技术,Cosmetics Science and Technology
100709TK,药物经济与管理,Pharmaceutical Economics and Management
100801,中药学,Traditional Chinese Pharmacy
100802,中药资源与开发,Traditional Chinese Medicine Resources and Development
100803T,藏药学,Tibetan Pharmacy
100804T,蒙药学,Mongolian Pharmacy
100805T,中药制药,Traditional Chinese Medicine Pharmaceutics
100806T,中草药栽培与鉴定,Cultivation and Identification of Chinese Herbal Medicine
100901K,法医学,Forensic Medicine
101001,医学检验技术,Medical Laboratory Technology
101002,医学实验技术,Medical Experimental Technology
101003,医学影像技术,Medical Imaging Technology
101004,眼视光学,Optometry
101005,康复治疗学,Rehabilitation Therapy
101006,口腔医学技术,Oral Medicine Technology
101007,卫生检验与检疫,Health Inspection and Quarantine
101008T,听力与言语康复学,Hearing and Speech Rehabilitation
101009T,康复物理治疗,Rehabilitation Physical Therapy
101010T,康复作业治疗,Rehabilitation Occupational Therapy
101011T,智能医学工程,Intelligent Medical Engineering
101012T,生物医药数据科学,Biomedical Data Science
101013T,智能影像工程,Intelligent Imaging Engineering
101014TK,医工学,Medical Engineering
101015TK,医疗器械与装备工程,Medical Devices and Equipment Engineering
101016TK,健康与医疗保障,Health and Medical Security
101017TK,老年医学与健康,Geriatric Medicine and Health
101101K,护理学,Nursing
101102TK,助产学,Midwifery
120101,管理科学,Management Science
120102,信息管理与信息系统,Information Management and Information Systems
120103,工程管理,Engineering Management
120104,房地产开发与管理,Real Estate Development and Management
120105,工程造价,Engineering Cost
120106TK,保密管理,Confidentiality Management
120107T,邮政管理,Postal Management
120108T,大数据管理与应用,Big Data Management and Application
120109T,工程审计,Engineering Audit
120110T,计算金融,Computational Finance
120111T,应急管理,Emergency Management
120201K,工商管理,Business Administration
120202,市场营销,Marketing
120203K,会计学,Accounting
120204,财务管理,Financial Management
120205,国际商务,International Business
120206,人力资源管理,Human Resource Management
120207,审计学,Auditing
120208,资产评估,Asset Evaluation
120209,物业管理,Property Management
120210,文化产业管理,Cultural Industry Management
120211T,劳动关系,Labor Relations
120212T,体育经济与管理,Sports Economics and Management
120213T,财务会计教育,Financial Accounting Education
120214T,市场营销教育,Marketing Education
120215T,零售业管理,Retail Management
120216T,创业管理,Entrepreneurship Management
120217TK,海关稽查,Customs Inspection
120218T,内部审计,Internal Audit
120301,农林经济管理,Agricultural and Forestry Economic Management
120302,农村区域发展,Rural Regional Development
120303TK,乡村治理,Rural Governance
120401,公共事业管理,Public Affairs Management
120402,行政管理,Administration Management
120403,劳动与社会保障,Labor and Social Security
120404,土地资源管理,Land Resource Management
120405,城市管理,Urban Management
120406TK,海关管理,Customs Management
120407T,交通管理,Traffic Management
120408T,海事管理,Maritime Management
120409T,公共关系学,Public Relations
120410T,健康服务与管理,Health Services and Management
120411TK,海警后勤管理,Coast Guard Logistics Management
120412T,医疗产品管理,Medical Product Management
120413T,医疗保险,Medical Insurance
120414T,养老服务管理,Elderly Care Service Management
120415TK,海关检验检疫安全,Customs Inspection and Quarantine Safety
120416TK,海外安全管理,Overseas Safety Management
120417T,自然资源登记与管理,Natural Resources Registration and Management
120418T,慈善管理,Charity Management
120419TK,航空安防管理,Aviation Security Management
120420TK,无障碍管理,Accessibility Management
120421TK,人才发展与管理,Talent Development and Management
120501,图书馆学,Library Science
120502,档案学,Archival Science
120503,信息资源管理,Information Resource Management
120601,物流管理,Logistics Management
120602,物流工程,Logistics Engineering
120603T,采购管理,Procurement Management
120604T,供应链管理,Supply Chain Management
120701,工业工程,Industrial Engineering
120702T,标准化工程,Standardization Engineering
120703T,质量管理工程,Quality Management Engineering
120801,电子商务,E-commerce
120802T,电子商务及法律,E-commerce and Law
120803T,跨境电子商务,Cross-border E-commerce
120901K,旅游管理,Tourism Management
120902,酒店管理,Hotel Management
120903,会展经济与管理,Convention and Exhibition Economy and Management
120904T,旅游管理与服务教育,Tourism Management and Service Education
120905TK,国际邮轮管理,International Cruise Management
130101,艺术史论,Art History
130102T,艺术管理,Art Management
130103T,非物质文化遗产保护,Intangible Cultural Heritage Protection
130201,音乐表演,Music Performance
130202,音乐学,Musicology
130203,作曲与作曲技术理论,Composition and Composition Technology Theory
130204,舞蹈表演,Dance Performance
130205,舞蹈学,Dance Studies
130206,舞蹈编导,Dance Choreography
130207T,舞蹈教育,Dance Education
130208TK,航空服务艺术与管理,Aviation Service Art and Management
130209T,流行音乐,Popular Music
130210T,音乐治疗,Music Therapy
130211T,流行舞蹈,Popular Dance
130212T,音乐教育,Music Education
130213TK,冰雪舞蹈表演,Ice and Snow Dance Performance
130214TK,舞蹈治疗,Dance Therapy
130215T,音乐科技,Music Technology
130301,表演,Performance
130302,戏剧学,Drama Studies
130303,电影学,Film Studies
130304,戏剧影视文学,Drama, Film and Television Literature
130305,广播电视编导,Radio and Television Directing
130306,戏剧影视导演,Drama, Film and Television Directing
130307,戏剧影视美术设计,Drama, Film and Television Art Design
130308,录音艺术,Recording Art
130309,播音与主持艺术,Broadcasting and Hosting Art
130310,动画,Animation
130311T,影视摄影与制作,Film and Television Photography and Production
130312T,影视技术,Film and Television Technology
130313T,戏剧教育,Drama Education
130314TK,曲艺,Quyi
130315TK,音乐剧,Musical Theater
130316T,数字戏剧,Digital Drama
130317T,数字演艺设计,Digital Performance Design
130318T,智能影像艺术,Intelligent Imaging Art
130401,美术学,Fine Arts
130402,绘画,Painting
130403,雕塑,Sculpture
130404,摄影,Photography
130405T,书法学,Calligraphy
130406T,中国画,Chinese Painting
130407TK,实验艺术,Experimental Art
130408TK,跨媒体艺术,Cross-media Art
130409T,文物保护与修复,Cultural Relics Protection and Restoration
130410T,漫画,Comics
130411T,纤维艺术,Fiber Art
130412TK,科技艺术,Science and Technology Art
130413TK,美术教育,Art Education
130414T,虚拟空间艺术,Virtual Space Art
130501,艺术设计学,Art Design
130502,视觉传达设计,Visual Communication Design
130503,环境设计,Environmental Design
130504,产品设计,Product Design
130505,服装与服饰设计,Clothing and Apparel Design
130506,公共艺术,Public Art
130507,工艺美术,Arts and Crafts
130508,数字媒体艺术,Digital Media Art
130509T,艺术与科技,Art and Technology
130510TK,陶瓷艺术设计,Ceramic Art Design
130511T,新媒体艺术,New Media Art
130512T,包装设计,Packaging Design
130513TK,珠宝首饰设计与工艺,Jewelry Design and Technology
130514T,人居设计,Human Settlement Design
130515TK,游戏艺术设计,Game Art Design